from,to,year,decade,relationship
Pele,FC Santos,1956,50,1
Pele,FC Santos,1957,50,1
Pele,FC Santos,1958,50,1
Pele,FC Santos,1959,50,1
Pele,FC Santos,1960,60,1
Pele,FC Santos,1961,60,1
Pele,FC Santos,1962,60,1
Pele,FC Santos,1963,60,1
Pele,FC Santos,1964,60,1
Pele,FC Santos,1965,60,1
Pele,FC Santos,1966,60,1
Pele,FC Santos,1967,60,1
Pele,FC Santos,1968,60,1
Pele,FC Santos,1969,60,1
Pele,FC Santos,1970,70,1
Pele,FC Santos,1971,70,1
Pele,FC Santos,1972,70,1
Pele,FC Santos,1973,70,1
Pele,FC Santos,1974,70,1
Pele,New York Cosmos,1975,70,1
Pele,New York Cosmos,1976,70,1
Pele,New York Cosmos,1977,70,1
Pele,Brasilien,1957,50,1
Pele,Brasilien,1958,50,1
Pele,Brasilien,1959,50,1
Pele,Brasilien,1960,60,1
Pele,Brasilien,1961,60,1
Pele,Brasilien,1962,60,1
Pele,Brasilien,1963,60,1
Pele,Brasilien,1964,60,1
Pele,Brasilien,1965,60,1
Pele,Brasilien,1966,60,1
Pele,Brasilien,1967,60,1
Pele,Brasilien,1968,60,1
Pele,Brasilien,1969,60,1
Pele,Brasilien,1970,70,1
Pele,Brasilien,1971,70,1
Pele,Brasilien,1972,70,1
Pele,Brasilien,1973,70,1
Pele,Brasilien,1974,70,1
Maradona,Argentinos Juniors,1976,70,1
Maradona,Argentinos Juniors,1977,70,1
Maradona,Argentinos Juniors,1978,70,1
Maradona,Argentinos Juniors,1979,70,1
Maradona,Argentinos Juniors,1980,80,1
Maradona,Argentinos Juniors,1981,80,1
Maradona,Boca Juniors,1981,80,1
Maradona,Boca Juniors,1982,80,1
Maradona,FC Barcelona,1982,80,1
Maradona,FC Barcelona,1983,80,1
Maradona,FC Barcelona,1984,80,1
Maradona,SSC Neapel,1984,80,1
Maradona,SSC Neapel,1985,80,1
Maradona,SSC Neapel,1986,80,1
Maradona,SSC Neapel,1987,80,1
Maradona,SSC Neapel,1988,80,1
Maradona,SSC Neapel,1989,80,1
Maradona,SSC Neapel,1990,90,1
Maradona,SSC Neapel,1991,90,1
Maradona,FC Sevilla,1992,90,1
Maradona,FC Sevilla,1993,90,1
Maradona,Newells Old Boys,1993,90,1
Maradona,Boca Juniors,1995,90,1
Maradona,Boca Juniors,1996,90,1
Maradona,Boca Juniors,1997,90,1
Maradona,Argentinien,1977,70,1
Maradona,Argentinien,1978,70,1
Maradona,Argentinien,1979,70,1
Maradona,Argentinien,1980,80,1
Maradona,Argentinien,1981,80,1
Maradona,Argentinien,1982,80,1
Maradona,Argentinien,1983,80,1
Maradona,Argentinien,1984,80,1
Maradona,Argentinien,1985,80,1
Maradona,Argentinien,1986,80,1
Maradona,Argentinien,1987,80,1
Maradona,Argentinien,1988,80,1
Maradona,Argentinien,1989,80,1
Maradona,Argentinien,1990,90,1
Maradona,Argentinien,1991,90,1
Maradona,Argentinien,1992,90,1
Maradona,Argentinien,1993,90,1
Maradona,Argentinien,1994,90,1
Maradona,Deportivo Textil Mandiyu,1994,90,2
Maradona,Racing Club,1995,90,2
Maradona,Argentinien,2008,0,2
Maradona,Argentinien,2009,0,2
Maradona,Argentinien,2010,2010,2
Maradona,Al Wasl,2011,2010,2
Maradona,Al Wasl,2012,2010,2
Maradona,Al Fujairah SC,2017,2010,2
Maradona,Al Fujairah SC,2018,2010,2
Maradona,Dorados de Sinaloa,2018,2010,2
Maradona,Dorados de Sinaloa,2019,2010,2
Maradona,Gimnasia y Esgrima La Plata,2019,2010,2
Maradona,Gimnasia y Esgrima La Plata,2020,2020,2
Cruyff,Ajax Amsterdam,1964,60,1
Cruyff,Ajax Amsterdam,1965,60,1
Cruyff,Ajax Amsterdam,1966,60,1
Cruyff,Ajax Amsterdam,1967,60,1
Cruyff,Ajax Amsterdam,1968,60,1
Cruyff,Ajax Amsterdam,1969,60,1
Cruyff,Ajax Amsterdam,1970,70,1
Cruyff,Ajax Amsterdam,1971,70,1
Cruyff,Ajax Amsterdam,1972,70,1
Cruyff,Ajax Amsterdam,1973,70,1
Cruyff,FC Barcelona,1973,70,1
Cruyff,FC Barcelona,1974,70,1
Cruyff,FC Barcelona,1975,70,1
Cruyff,FC Barcelona,1976,70,1
Cruyff,FC Barcelona,1977,70,1
Cruyff,FC Barcelona,1978,70,1
Cruyff,Los Angeles Aztecs,1979,70,1
Cruyff,Washington Diplomats,1980,80,1
Cruyff,Washington Diplomats,1981,80,1
Cruyff,UD Levante,1981,80,1
Cruyff,Ajax Amsterdam,1981,80,1
Cruyff,Ajax Amsterdam,1982,80,1
Cruyff,Ajax Amsterdam,1983,80,1
Cruyff,Freyenoord Rotterdam,1983,80,1
Cruyff,Freyenoord Rotterdam,1984,80,1
Cruyff,Niederlande,1966,60,1
Cruyff,Niederlande,1967,60,1
Cruyff,Niederlande,1968,60,1
Cruyff,Niederlande,1969,60,1
Cruyff,Niederlande,1970,70,1
Cruyff,Niederlande,1971,70,1
Cruyff,Niederlande,1972,70,1
Cruyff,Niederlande,1973,70,1
Cruyff,Niederlande,1974,70,1
Cruyff,Niederlande,1975,70,1
Cruyff,Niederlande,1976,70,1
Cruyff,Niederlande,1977,70,1
Cruyff,Ajax Amsterdam,1985,80,2
Cruyff,Ajax Amsterdam,1986,80,2
Cruyff,Ajax Amsterdam,1987,80,2
Cruyff,Ajax Amsterdam,1988,80,2
Cruyff,FC Barcelona,1988,80,2
Cruyff,FC Barcelona,1989,80,2
Cruyff,FC Barcelona,1990,90,2
Cruyff,FC Barcelona,1991,90,2
Cruyff,FC Barcelona,1992,90,2
Cruyff,FC Barcelona,1993,90,2
Cruyff,FC Barcelona,1994,90,2
Cruyff,FC Barcelona,1995,90,2
Cruyff,FC Barcelona,1996,90,2
Beckenbauer,FC Bayern Munchen,1964,60,1
Beckenbauer,FC Bayern Munchen,1965,60,1
Beckenbauer,FC Bayern Munchen,1966,60,1
Beckenbauer,FC Bayern Munchen,1967,60,1
Beckenbauer,FC Bayern Munchen,1968,60,1
Beckenbauer,FC Bayern Munchen,1969,60,1
Beckenbauer,FC Bayern Munchen,1970,70,1
Beckenbauer,FC Bayern Munchen,1971,70,1
Beckenbauer,FC Bayern Munchen,1972,70,1
Beckenbauer,FC Bayern Munchen,1973,70,1
Beckenbauer,FC Bayern Munchen,1974,70,1
Beckenbauer,FC Bayern Munchen,1975,70,1
Beckenbauer,FC Bayern Munchen,1976,70,1
Beckenbauer,FC Bayern Munchen,1977,70,1
Beckenbauer,New York Cosmos,1977,70,1
Beckenbauer,New York Cosmos,1978,70,1
Beckenbauer,New York Cosmos,1979,70,1
Beckenbauer,New York Cosmos,1980,80,1
Beckenbauer,Hamburger SV,1980,80,1
Beckenbauer,Hamburger SV,1981,80,1
Beckenbauer,Hamburger SV,1982,80,1
Beckenbauer,New York Cosmos,1983,80,1
Beckenbauer,Deutschland,1965,60,1
Beckenbauer,Deutschland,1966,60,1
Beckenbauer,Deutschland,1967,60,1
Beckenbauer,Deutschland,1968,60,1
Beckenbauer,Deutschland,1969,60,1
Beckenbauer,Deutschland,1970,70,1
Beckenbauer,Deutschland,1971,70,1
Beckenbauer,Deutschland,1972,70,1
Beckenbauer,Deutschland,1973,70,1
Beckenbauer,Deutschland,1974,70,1
Beckenbauer,Deutschland,1975,70,1
Beckenbauer,Deutschland,1976,70,1
Beckenbauer,Deutschland,1977,70,1
Beckenbauer,Deutschland,1984,80,2
Beckenbauer,Deutschland,1985,80,2
Beckenbauer,Deutschland,1986,80,2
Beckenbauer,Deutschland,1987,80,2
Beckenbauer,Deutschland,1988,80,2
Beckenbauer,Deutschland,1989,80,2
Beckenbauer,Deutschland,1990,90,2
Beckenbauer,Deutschland,1991,90,2
Beckenbauer,FC Bayern Munchen,1994,90,2
Beckenbauer,FC Bayern Munchen,1996,90,2
Beckenbauer,Olympique Marseille,1990,90,2
Beckenbauer,Olympique Marseille,1991,90,2
Platini,AS Nancy,1972,70,1
Platini,AS Nancy,1973,70,1
Platini,AS Nancy,1974,70,1
Platini,AS Nancy,1975,70,1
Platini,AS Nancy,1976,70,1
Platini,AS Nancy,1977,70,1
Platini,AS Nancy,1978,70,1
Platini,AS Nancy,1979,70,1
Platini,AS Saint Etienne,1979,70,1
Platini,AS Saint Etienne,1980,80,1
Platini,AS Saint Etienne,1981,80,1
Platini,AS Saint Etienne,1982,80,1
Platini,Juventus Turin,1982,80,1
Platini,Juventus Turin,1983,80,1
Platini,Juventus Turin,1984,80,1
Platini,Juventus Turin,1985,80,1
Platini,Juventus Turin,1986,80,1
Platini,Juventus Turin,1987,80,1
Platini,Frankreich,1976,70,1
Platini,Frankreich,1977,70,1
Platini,Frankreich,1978,70,1
Platini,Frankreich,1979,70,1
Platini,Frankreich,1980,80,1
Platini,Frankreich,1981,80,1
Platini,Frankreich,1982,80,1
Platini,Frankreich,1983,80,1
Platini,Frankreich,1984,80,1
Platini,Frankreich,1985,80,1
Platini,Frankreich,1986,80,1
Platini,Frankreich,1987,80,1
Platini,Frankreich,1988,80,2
Platini,Frankreich,1989,80,2
Platini,Frankreich,1990,90,2
Platini,Frankreich,1991,90,2
Platini,Frankreich,1992,90,2
Platini,Kuwait,1988,80,1
Stefano,River Plate,1945,40,1
Stefano,CA Huracan,1945,40,1
Stefano,CA Huracan,1946,40,1
Stefano,River Plate,1946,40,1
Stefano,River Plate,1947,40,1
Stefano,River Plate,1948,40,1
Stefano,River Plate,1949,40,1
Stefano,CD Los Millonarios,1949,40,1
Stefano,CD Los Millonarios,1950,50,1
Stefano,CD Los Millonarios,1951,50,1
Stefano,CD Los Millonarios,1952,50,1
Stefano,CD Los Millonarios,1953,50,1
Stefano,Real Madrid,1953,50,1
Stefano,Real Madrid,1954,50,1
Stefano,Real Madrid,1955,50,1
Stefano,Real Madrid,1956,50,1
Stefano,Real Madrid,1957,50,1
Stefano,Real Madrid,1958,50,1
Stefano,Real Madrid,1959,50,1
Stefano,Real Madrid,1960,60,1
Stefano,Real Madrid,1961,60,1
Stefano,Real Madrid,1962,60,1
Stefano,Real Madrid,1963,60,1
Stefano,Real Madrid,1964,60,1
Stefano,Espanol Barcelona,1964,60,1
Stefano,Espanol Barcelona,1965,60,1
Stefano,Espanol Barcelona,1966,60,1
Stefano,Argentinien,1947,40,1
Stefano,Kolumbien,1949,40,1
Stefano,Spanien,1957,50,1
Stefano,Spanien,1958,50,1
Stefano,Spanien,1959,50,1
Stefano,Spanien,1960,60,1
Stefano,Spanien,1961,60,1
Stefano,FC Elche,1967,60,2
Stefano,Boca Juniors,1969,60,2
Stefano,Boca Juniors,1970,70,2
Stefano,FC Valencia,1970,70,2
Stefano,FC Valencia,1971,70,2
Stefano,FC Valencia,1972,70,2
Stefano,FC Valencia,1973,70,2
Stefano,FC Valencia,1974,70,2
Stefano,Sporting Lissabon,1974,70,2
Stefano,Rayo Vallecano,1975,70,2
Stefano,Rayo Vallecano,1976,70,2
Stefano,CD Castellon,1976,70,2
Stefano,CD Castellon,1977,70,2
Stefano,FC Valencia,1979,70,2
Stefano,FC Valencia,1980,80,2
Stefano,River Plate,1981,80,2
Stefano,River Plate,1982,80,2
Stefano,Real Madrid,1982,80,2
Stefano,Real Madrid,1983,80,2
Stefano,Real Madrid,1984,80,2
Stefano,Boca Juniors,1985,80,2
Stefano,FC Valencia,1986,80,2
Stefano,FC Valencia,1987,80,2
Stefano,FC Valencia,1988,80,2
Stefano,Real Madrid,1990,90,2
Stefano,Real Madrid,1991,90,2
Puskas,Budapest Honved FC,1942,40,1
Puskas,Budapest Honved FC,1943,40,1
Puskas,Budapest Honved FC,1944,40,1
Puskas,Budapest Honved FC,1945,40,1
Puskas,Budapest Honved FC,1946,40,1
Puskas,Budapest Honved FC,1947,40,1
Puskas,Budapest Honved FC,1948,40,1
Puskas,Budapest Honved FC,1949,40,1
Puskas,Budapest Honved FC,1950,50,1
Puskas,Budapest Honved FC,1951,50,1
Puskas,Budapest Honved FC,1952,50,1
Puskas,Budapest Honved FC,1953,50,1
Puskas,Budapest Honved FC,1954,50,1
Puskas,Budapest Honved FC,1955,50,1
Puskas,Budapest Honved FC,1956,50,1
Puskas,Real Madrid,1958,50,1
Puskas,Real Madrid,1959,50,1
Puskas,Real Madrid,1960,60,1
Puskas,Real Madrid,1961,60,1
Puskas,Real Madrid,1962,60,1
Puskas,Real Madrid,1963,60,1
Puskas,Real Madrid,1964,60,1
Puskas,Real Madrid,1965,60,1
Puskas,Real Madrid,1966,60,1
Puskas,Ungarn,1945,40,1
Puskas,Ungarn,1946,40,1
Puskas,Ungarn,1947,40,1
Puskas,Ungarn,1948,40,1
Puskas,Ungarn,1949,40,1
Puskas,Ungarn,1950,50,1
Puskas,Ungarn,1951,50,1
Puskas,Ungarn,1952,50,1
Puskas,Ungarn,1953,50,1
Puskas,Ungarn,1954,50,1
Puskas,Ungarn,1955,50,1
Puskas,Ungarn,1956,50,1
Puskas,Spanien,1961,60,1
Puskas,Spanien,1962,60,1
Puskas,Hercules Alicante,1967,60,2
Puskas,Golden Gate Gales,1967,60,2
Puskas,Vancouver Royals,1968,60,2
Puskas,CD Alaves,1968,60,2
Puskas,CD Alaves,1969,60,2
Puskas,Panathinaikos Athen,1970,70,2
Puskas,Panathinaikos Athen,1971,70,2
Puskas,Panathinaikos Athen,1972,70,2
Puskas,Panathinaikos Athen,1973,70,2
Puskas,Panathinaikos Athen,1974,70,2
Puskas,Real Murcia,1975,70,2
Puskas,CSD Colo Colo,1975,70,2
Puskas,CSD Colo Colo,1976,70,2
Puskas,Saudi Arabien,1976,70,2
Puskas,Saudi Arabien,1977,70,2
Puskas,AEK Athen,1978,70,2
Puskas,AEK Athen,1979,70,2
Puskas,Al Masry,1979,70,2
Puskas,Al Masry,1980,80,2
Puskas,Al Masry,1981,80,2
Puskas,Al Masry,1982,80,2
Puskas,Club Sol de America,1985,80,2
Puskas,Club Sol de America,1986,80,2
Puskas,Club Cerro Porteno,1986,80,2
Puskas,South Melbourne Hellas,1989,80,2
Puskas,South Melbourne Hellas,1990,90,2
Puskas,South Melbourne Hellas,1991,90,2
Puskas,South Melbourne Hellas,1992,90,2
Puskas,Ungarn,1993,90,2
Best,Manchester United,1963,60,1
Best,Manchester United,1964,60,1
Best,Manchester United,1965,60,1
Best,Manchester United,1966,60,1
Best,Manchester United,1967,60,1
Best,Manchester United,1968,60,1
Best,Manchester United,1969,60,1
Best,Manchester United,1970,70,1
Best,Manchester United,1971,70,1
Best,Manchester United,1972,70,1
Best,Manchester United,1973,70,1
Best,Manchester United,1974,70,1
Best,Stockport Country,1975,70,1
Best,Cork Celtic,1975,70,1
Best,Cork Celtic,1976,70,1
Best,Los Angeles Aztecs,1976,70,1
Best,Los Angeles Aztecs,1977,70,1
Best,Los Angeles Aztecs,1978,70,1
Best,FC Fulham,1976,70,1
Best,FC Fulham,1977,70,1
Best,Fort Lauderdale Strikers,1979,70,1
Best,Fort Lauderdale Strikers,1980,80,1
Best,Hibernian Edinburgh,1979,70,1
Best,Hibernian Edinburgh,1980,80,1
Best,San Jose Earthquakes,1979,70,1
Best,San Jose Earthquakes,1980,80,1
Best,San Jose Earthquakes,1981,80,1
Best,AFC Bournemouth,1983,80,1
Best,Brisbane Lions,1983,80,1
Best,Tobermore United,1984,80,1
Best,Nordirland,1964,60,1
Best,Nordirland,1965,60,1
Best,Nordirland,1966,60,1
Best,Nordirland,1967,60,1
Best,Nordirland,1968,60,1
Best,Nordirland,1969,60,1
Best,Nordirland,1970,70,1
Best,Nordirland,1971,70,1
Best,Nordirland,1972,70,1
Best,Nordirland,1973,70,1
Best,Nordirland,1974,70,1
Best,Nordirland,1975,70,1
Best,Nordirland,1976,70,1
Best,Nordirland,1977,70,1
Best,Nordirland,1978,70,1
Basten,Ajax Amsterdam,1981,80,1
Basten,Ajax Amsterdam,1982,80,1
Basten,Ajax Amsterdam,1983,80,1
Basten,Ajax Amsterdam,1984,80,1
Basten,Ajax Amsterdam,1985,80,1
Basten,Ajax Amsterdam,1986,80,1
Basten,Ajax Amsterdam,1987,80,1
Basten,AC Mailand,1987,80,1
Basten,AC Mailand,1988,80,1
Basten,AC Mailand,1989,80,1
Basten,AC Mailand,1990,90,1
Basten,AC Mailand,1991,90,1
Basten,AC Mailand,1992,90,1
Basten,AC Mailand,1993,90,1
Basten,AC Mailand,1994,90,1
Basten,AC Mailand,1995,90,1
Basten,Niederlande,1983,80,1
Basten,Niederlande,1984,80,1
Basten,Niederlande,1985,80,1
Basten,Niederlande,1986,80,1
Basten,Niederlande,1987,80,1
Basten,Niederlande,1988,80,1
Basten,Niederlande,1989,80,1
Basten,Niederlande,1990,90,1
Basten,Niederlande,1991,90,1
Basten,Niederlande,1992,90,1
Basten,Niederlande,2004,0,2
Basten,Niederlande,2005,0,2
Basten,Niederlande,2006,0,2
Basten,Niederlande,2007,0,2
Basten,Niederlande,2008,0,2
Basten,Ajax Amsterdam,2008,0,2
Basten,Ajax Amsterdam,2009,0,2
Basten,SC Heerenveen,2012,2010,2
Basten,SC Heerenveen,2013,2010,2
Basten,SC Heerenveen,2014,2010,2
Basten,AZ Alkmaar,2014,2010,2
Basten,AZ Alkmaar,2015,2010,2
Basten,Niederlande,2015,2010,2
Basten,Niederlande,2016,2010,2
Eusebio,Portugal,1961,60,1
Eusebio,Portugal,1962,60,1
Eusebio,Portugal,1963,60,1
Eusebio,Portugal,1964,60,1
Eusebio,Portugal,1965,60,1
Eusebio,Portugal,1966,60,1
Eusebio,Portugal,1967,60,1
Eusebio,Portugal,1968,60,1
Eusebio,Portugal,1969,60,1
Eusebio,Portugal,1970,70,1
Eusebio,Portugal,1971,70,1
Eusebio,Portugal,1972,70,1
Eusebio,Portugal,1973,70,1
Eusebio,SC Lourenco Marques,1957,50,1
Eusebio,SC Lourenco Marques,1958,50,1
Eusebio,SC Lourenco Marques,1959,50,1
Eusebio,SC Lourenco Marques,1960,60,1
Eusebio,Benefica Lissabon,1960,60,1
Eusebio,Benefica Lissabon,1961,60,1
Eusebio,Benefica Lissabon,1962,60,1
Eusebio,Benefica Lissabon,1963,60,1
Eusebio,Benefica Lissabon,1964,60,1
Eusebio,Benefica Lissabon,1965,60,1
Eusebio,Benefica Lissabon,1966,60,1
Eusebio,Benefica Lissabon,1967,60,1
Eusebio,Benefica Lissabon,1968,60,1
Eusebio,Benefica Lissabon,1969,60,1
Eusebio,Benefica Lissabon,1970,70,1
Eusebio,Benefica Lissabon,1971,70,1
Eusebio,Benefica Lissabon,1972,70,1
Eusebio,Benefica Lissabon,1973,70,1
Eusebio,Benefica Lissabon,1974,70,1
Eusebio,Benefica Lissabon,1975,70,1
Eusebio,Boston Minutemen,1975,70,1
Eusebio,CF Monterrey,1975,70,1
Eusebio,Toronto Metros Croatia,1975,70,1
Eusebio,Toronto Metros Croatia,1976,70,1
Eusebio,SC Beira Mar,1976,70,1
Eusebio,Las Vegas Quicksilvers,1976,70,1
Eusebio,Las Vegas Quicksilvers,1977,70,1
Eusebio,UFCI Tomar,1977,70,1
Eusebio,UFCI Tomar,1978,70,1
Eusebio,New Jersey Americans,1978,70,1
Eusebio,Buffalo Stallions,1979,70,1
Eusebio,Buffalo Stallions,1980,80,1
Jaschin,Dynamo Moskau,1950,50,1
Jaschin,Dynamo Moskau,1951,50,1
Jaschin,Dynamo Moskau,1952,50,1
Jaschin,Dynamo Moskau,1953,50,1
Jaschin,Dynamo Moskau,1954,50,1
Jaschin,Dynamo Moskau,1955,50,1
Jaschin,Dynamo Moskau,1956,50,1
Jaschin,Dynamo Moskau,1957,50,1
Jaschin,Dynamo Moskau,1958,50,1
Jaschin,Dynamo Moskau,1959,50,1
Jaschin,Dynamo Moskau,1960,60,1
Jaschin,Dynamo Moskau,1961,60,1
Jaschin,Dynamo Moskau,1962,60,1
Jaschin,Dynamo Moskau,1963,60,1
Jaschin,Dynamo Moskau,1964,60,1
Jaschin,Dynamo Moskau,1965,60,1
Jaschin,Dynamo Moskau,1966,60,1
Jaschin,Dynamo Moskau,1967,60,1
Jaschin,Dynamo Moskau,1968,60,1
Jaschin,Dynamo Moskau,1969,60,1
Jaschin,Dynamo Moskau,1970,70,1
Jaschin,Sowjetunion,1954,50,1
Jaschin,Sowjetunion,1955,50,1
Jaschin,Sowjetunion,1956,50,1
Jaschin,Sowjetunion,1957,50,1
Jaschin,Sowjetunion,1958,50,1
Jaschin,Sowjetunion,1959,50,1
Jaschin,Sowjetunion,1960,60,1
Jaschin,Sowjetunion,1961,60,1
Jaschin,Sowjetunion,1962,60,1
Jaschin,Sowjetunion,1963,60,1
Jaschin,Sowjetunion,1964,60,1
Jaschin,Sowjetunion,1965,60,1
Jaschin,Sowjetunion,1966,60,1
Jaschin,Sowjetunion,1967,60,1
Jaschin,Sowjetunion,1968,60,1
Jaschin,Sowjetunion,1969,60,1
Jaschin,Sowjetunion,1970,70,1
Charlton,Manchester United,1954,50,1
Charlton,Manchester United,1955,50,1
Charlton,Manchester United,1956,50,1
Charlton,Manchester United,1957,50,1
Charlton,Manchester United,1958,50,1
Charlton,Manchester United,1959,50,1
Charlton,Manchester United,1960,60,1
Charlton,Manchester United,1961,60,1
Charlton,Manchester United,1962,60,1
Charlton,Manchester United,1963,60,1
Charlton,Manchester United,1964,60,1
Charlton,Manchester United,1965,60,1
Charlton,Manchester United,1966,60,1
Charlton,Manchester United,1967,60,1
Charlton,Manchester United,1968,60,1
Charlton,Manchester United,1969,60,1
Charlton,Manchester United,1970,70,1
Charlton,Manchester United,1971,70,1
Charlton,Manchester United,1972,70,1
Charlton,Manchester United,1973,70,1
Charlton,Preston North End,1973,70,1
Charlton,Preston North End,1974,70,1
Charlton,Preston North End,1975,70,1
Charlton,Waterford FC,1976,70,1
Charlton,England,1958,50,1
Charlton,England,1959,50,1
Charlton,England,1960,60,1
Charlton,England,1961,60,1
Charlton,England,1962,60,1
Charlton,England,1963,60,1
Charlton,England,1964,60,1
Charlton,England,1965,60,1
Charlton,England,1966,60,1
Charlton,England,1967,60,1
Charlton,England,1968,60,1
Charlton,England,1969,60,1
Charlton,England,1970,70,1
Charlton,Preston North End,1973,70,2
Charlton,Preston North End,1974,70,2
Charlton,Preston North End,1975,70,2
Charlton,Wigan Athletic,1983,80,2
Ronaldo,Brasilien,1994,90,1
Ronaldo,Brasilien,1995,90,1
Ronaldo,Brasilien,1996,90,1
Ronaldo,Brasilien,1997,90,1
Ronaldo,Brasilien,1998,90,1
Ronaldo,Brasilien,1999,90,1
Ronaldo,Brasilien,2000,0,1
Ronaldo,Brasilien,2001,0,1
Ronaldo,Brasilien,2002,0,1
Ronaldo,Brasilien,2003,0,1
Ronaldo,Brasilien,2004,0,1
Ronaldo,Brasilien,2005,0,1
Ronaldo,Brasilien,2006,0,1
Ronaldo,Brasilien,2007,0,1
Ronaldo,Brasilien,2008,0,1
Ronaldo,Brasilien,2009,0,1
Ronaldo,Brasilien,2010,2010,1
Ronaldo,Brasilien,2011,2010,1
Ronaldo,Cruzeiro Belo Horizonte,1993,90,1
Ronaldo,Cruzeiro Belo Horizonte,1994,90,1
Ronaldo,PSV Eindhoven,1994,90,1
Ronaldo,PSV Eindhoven,1995,90,1
Ronaldo,PSV Eindhoven,1996,90,1
Ronaldo,FC Barcelona,1996,90,1
Ronaldo,FC Barcelona,1997,90,1
Ronaldo,Inter Mailand,1997,90,1
Ronaldo,Inter Mailand,1998,90,1
Ronaldo,Inter Mailand,1999,90,1
Ronaldo,Inter Mailand,2000,0,1
Ronaldo,Inter Mailand,2001,0,1
Ronaldo,Inter Mailand,2002,0,1
Ronaldo,Real Madrid,2002,0,1
Ronaldo,Real Madrid,2003,0,1
Ronaldo,Real Madrid,2004,0,1
Ronaldo,Real Madrid,2005,0,1
Ronaldo,Real Madrid,2006,0,1
Ronaldo,Real Madrid,2007,0,1
Ronaldo,AC Mailand,2007,0,1
Ronaldo,AC Mailand,2008,0,1
Ronaldo,Corinthians Sao Paulo,2009,0,1
Ronaldo,Corinthians Sao Paulo,2010,2010,1
Ronaldo,Corinthians Sao Paulo,2011,2010,1
Moore,West Ham United,1958,50,1
Moore,West Ham United,1959,50,1
Moore,West Ham United,1960,60,1
Moore,West Ham United,1961,60,1
Moore,West Ham United,1962,60,1
Moore,West Ham United,1963,60,1
Moore,West Ham United,1964,60,1
Moore,West Ham United,1965,60,1
Moore,West Ham United,1966,60,1
Moore,West Ham United,1967,60,1
Moore,West Ham United,1968,60,1
Moore,West Ham United,1969,60,1
Moore,West Ham United,1970,70,1
Moore,West Ham United,1971,70,1
Moore,West Ham United,1972,70,1
Moore,West Ham United,1973,70,1
Moore,West Ham United,1974,70,1
Moore,FC Fulham,1974,70,1
Moore,FC Fulham,1975,70,1
Moore,FC Fulham,1976,70,1
Moore,FC Fulham,1977,70,1
Moore,San Antonio Thunder,1976,70,1
Moore,Seattle Sounders,1978,70,1
Moore,Herning Fremad,1978,70,1
Moore,Carolina Lightnin,1983,80,1
Moore,England,1962,60,1
Moore,England,1963,60,1
Moore,England,1964,60,1
Moore,England,1965,60,1
Moore,England,1966,60,1
Moore,England,1967,60,1
Moore,England,1968,60,1
Moore,England,1969,60,1
Moore,England,1970,70,1
Moore,England,1971,70,1
Moore,England,1972,70,1
Moore,England,1973,70,1
Moore,Oxford City,1980,80,2
Moore,Eastern AA,1981,80,2
Moore,Eastern AA,1982,80,2
Moore,Southend United,1984,80,2
Moore,Southend United,1985,80,2
Moore,Southend United,1986,80,2
Muller,TSV Nordlingen,1963,60,1
Muller,TSV Nordlingen,1964,60,1
Muller,FC Bayern Munchen,1964,60,1
Muller,FC Bayern Munchen,1965,60,1
Muller,FC Bayern Munchen,1966,60,1
Muller,FC Bayern Munchen,1967,60,1
Muller,FC Bayern Munchen,1968,60,1
Muller,FC Bayern Munchen,1969,60,1
Muller,FC Bayern Munchen,1970,70,1
Muller,FC Bayern Munchen,1971,70,1
Muller,FC Bayern Munchen,1972,70,1
Muller,FC Bayern Munchen,1973,70,1
Muller,FC Bayern Munchen,1974,70,1
Muller,Fort Lauderdale Strikers,1979,70,1
Muller,Fort Lauderdale Strikers,1980,80,1
Muller,Fort Lauderdale Strikers,1981,80,1
Muller,Smith Brothers Lounge,1981,80,1
Muller,Smith Brothers Lounge,1982,80,1
Muller,German American Soccer Club,1982,80,1
Muller,German American Soccer Club,1983,80,1
Muller,German American Soccer Club,1984,80,1
Muller,Deutschland,1966,60,1
Muller,Deutschland,1967,60,1
Muller,Deutschland,1968,60,1
Muller,Deutschland,1969,60,1
Muller,Deutschland,1970,70,1
Muller,Deutschland,1971,70,1
Muller,Deutschland,1972,70,1
Muller,Deutschland,1973,70,1
Muller,Deutschland,1974,70,1
Muller,FC Bayern Munchen,1992,90,2
Muller,FC Bayern Munchen,1993,90,2
Muller,FC Bayern Munchen,1994,90,2
Muller,FC Bayern Munchen,1995,90,2
Muller,FC Bayern Munchen,1996,90,2
Muller,FC Bayern Munchen,1997,90,2
Muller,FC Bayern Munchen,1998,90,2
Muller,FC Bayern Munchen,1999,90,2
Muller,FC Bayern Munchen,2000,0,2
Muller,FC Bayern Munchen,2001,0,2
Muller,FC Bayern Munchen,2002,0,2
Muller,FC Bayern Munchen,2003,0,2
Muller,FC Bayern Munchen,2004,0,2
Muller,FC Bayern Munchen,2005,0,2
Muller,FC Bayern Munchen,2006,0,2
Muller,FC Bayern Munchen,2007,0,2
Muller,FC Bayern Munchen,2008,0,2
Muller,FC Bayern Munchen,2009,0,2
Muller,FC Bayern Munchen,2010,2010,2
Muller,FC Bayern Munchen,2011,2010,2
Muller,FC Bayern Munchen,2012,2010,2
Muller,FC Bayern Munchen,2013,2010,2
Muller,FC Bayern Munchen,2014,2010,2
Baggio,Italien,1988,80,1
Baggio,Italien,1989,80,1
Baggio,Italien,1990,90,1
Baggio,Italien,1991,90,1
Baggio,Italien,1992,90,1
Baggio,Italien,1993,90,1
Baggio,Italien,1994,90,1
Baggio,Italien,1995,90,1
Baggio,Italien,1996,90,1
Baggio,Italien,1997,90,1
Baggio,Italien,1998,90,1
Baggio,Italien,1999,90,1
Baggio,Italien,2000,0,1
Baggio,Italien,2001,0,1
Baggio,Italien,2002,0,1
Baggio,Italien,2003,0,1
Baggio,Italien,2004,0,1
Baggio,Lanerossi Vicenza,1982,80,1
Baggio,Lanerossi Vicenza,1983,80,1
Baggio,Lanerossi Vicenza,1984,80,1
Baggio,Lanerossi Vicenza,1985,80,1
Baggio,AC Florenz,1985,80,1
Baggio,AC Florenz,1986,80,1
Baggio,AC Florenz,1987,80,1
Baggio,AC Florenz,1988,80,1
Baggio,AC Florenz,1989,80,1
Baggio,AC Florenz,1990,90,1
Baggio,Juventus Turin,1990,90,1
Baggio,Juventus Turin,1991,90,1
Baggio,Juventus Turin,1992,90,1
Baggio,Juventus Turin,1993,90,1
Baggio,Juventus Turin,1994,90,1
Baggio,Juventus Turin,1995,90,1
Baggio,AC Mailand,1995,90,1
Baggio,AC Mailand,1996,90,1
Baggio,AC Mailand,1997,90,1
Baggio,FC Bologna,1997,90,1
Baggio,FC Bologna,1998,90,1
Baggio,Inter Mailand,1998,90,1
Baggio,Inter Mailand,1999,90,1
Baggio,Inter Mailand,2000,0,1
Baggio,Brescia Calcio,2000,0,1
Baggio,Brescia Calcio,2001,0,1
Baggio,Brescia Calcio,2002,0,1
Baggio,Brescia Calcio,2003,0,1
Baggio,Brescia Calcio,2004,0,1
Matthews,England,1934,30,1
Matthews,England,1935,30,1
Matthews,England,1936,30,1
Matthews,England,1937,30,1
Matthews,England,1938,30,1
Matthews,England,1939,30,1
Matthews,England,1940,40,1
Matthews,England,1941,40,1
Matthews,England,1942,40,1
Matthews,England,1943,40,1
Matthews,England,1944,40,1
Matthews,England,1945,40,1
Matthews,England,1946,40,1
Matthews,England,1947,40,1
Matthews,England,1948,40,1
Matthews,England,1949,40,1
Matthews,England,1950,50,1
Matthews,England,1951,50,1
Matthews,England,1952,50,1
Matthews,England,1953,50,1
Matthews,England,1954,50,1
Matthews,England,1955,50,1
Matthews,England,1956,50,1
Matthews,England,1957,50,1
Matthews,Stoke City,1934,30,1
Matthews,Stoke City,1935,30,1
Matthews,Stoke City,1936,30,1
Matthews,Stoke City,1937,30,1
Matthews,Stoke City,1938,30,1
Matthews,Stoke City,1939,30,1
Matthews,Stoke City,1940,40,1
Matthews,Stoke City,1941,40,1
Matthews,Stoke City,1942,40,1
Matthews,Stoke City,1943,40,1
Matthews,Stoke City,1944,40,1
Matthews,Stoke City,1945,40,1
Matthews,Stoke City,1946,40,1
Matthews,Stoke City,1947,40,1
Matthews,FC Blackpool,1947,40,1
Matthews,FC Blackpool,1948,40,1
Matthews,FC Blackpool,1949,40,1
Matthews,FC Blackpool,1950,50,1
Matthews,FC Blackpool,1951,50,1
Matthews,FC Blackpool,1952,50,1
Matthews,FC Blackpool,1953,50,1
Matthews,FC Blackpool,1954,50,1
Matthews,FC Blackpool,1955,50,1
Matthews,FC Blackpool,1956,50,1
Matthews,FC Blackpool,1957,50,1
Matthews,FC Blackpool,1958,50,1
Matthews,FC Blackpool,1959,50,1
Matthews,FC Blackpool,1960,60,1
Matthews,FC Blackpool,1961,60,1
Matthews,Stoke City,1961,60,1
Matthews,Stoke City,1962,60,1
Matthews,Stoke City,1963,60,1
Matthews,Stoke City,1964,60,1
Matthews,Stoke City,1965,60,1
Matthews,FC Port Vale,1965,60,2
Matthews,FC Port Vale,1966,60,2
Matthews,FC Port Vale,1967,60,2
Matthews,FC Port Vale,1968,60,2
Matthews,Hibernians Paola,1970,70,2
Zico,Brasilien,1976,70,1
Zico,Brasilien,1977,70,1
Zico,Brasilien,1978,70,1
Zico,Brasilien,1979,70,1
Zico,Brasilien,1980,80,1
Zico,Brasilien,1981,80,1
Zico,Brasilien,1982,80,1
Zico,Brasilien,1983,80,1
Zico,Brasilien,1984,80,1
Zico,Brasilien,1985,80,1
Zico,Brasilien,1986,80,1
Zico,Flamengo Rio de Janeiro,1971,70,1
Zico,Flamengo Rio de Janeiro,1972,70,1
Zico,Flamengo Rio de Janeiro,1973,70,1
Zico,Flamengo Rio de Janeiro,1974,70,1
Zico,Flamengo Rio de Janeiro,1975,70,1
Zico,Flamengo Rio de Janeiro,1976,70,1
Zico,Flamengo Rio de Janeiro,1977,70,1
Zico,Flamengo Rio de Janeiro,1978,70,1
Zico,Flamengo Rio de Janeiro,1979,70,1
Zico,Flamengo Rio de Janeiro,1980,80,1
Zico,Flamengo Rio de Janeiro,1981,80,1
Zico,Flamengo Rio de Janeiro,1982,80,1
Zico,Flamengo Rio de Janeiro,1983,80,1
Zico,Udinese Calcio,1983,80,1
Zico,Udinese Calcio,1984,80,1
Zico,Udinese Calcio,1985,80,1
Zico,Flamengo Rio de Janeiro,1985,80,1
Zico,Flamengo Rio de Janeiro,1986,80,1
Zico,Flamengo Rio de Janeiro,1987,80,1
Zico,Flamengo Rio de Janeiro,1988,80,1
Zico,Flamengo Rio de Janeiro,1989,80,1
Zico,Kashima Antlers,1991,90,1
Zico,Kashima Antlers,1992,90,1
Zico,Kashima Antlers,1993,90,1
Zico,Kashima Antlers,1994,90,1
Zico,Kashima Antlers,1999,90,2
Zico,Kashima Antlers,2000,0,2
Zico,Japan,2002,0,2
Zico,Japan,2003,0,2
Zico,Japan,2004,0,2
Zico,Japan,2005,0,2
Zico,Japan,2006,0,2
Zico,Fenerbahce Istanbul,2006,0,2
Zico,Fenerbahce Istanbul,2007,0,2
Zico,Fenerbahce Istanbul,2008,0,2
Zico,Bunjodkor Taschkent,2008,0,2
Zico,Bunjodkor Taschkent,2009,0,2
Zico,ZSKA Moskau,2009,0,2
Zico,Olympiakos Piraus,2009,0,2
Zico,Olympiakos Piraus,2010,2010,2
Zico,Irak,2011,2010,2
Zico,Irak,2012,2010,2
Zico,Al Gharafa Sports Club,2013,2010,2
Zico,Al Gharafa Sports Club,2014,2010,2
Zico,FC Goa,2014,2010,2
Zico,FC Goa,2015,2010,2
Zico,FC Goa,2016,2010,2
Zico,FC Goa,2017,2010,2
Baresi,AC Mailand,1978,70,1
Baresi,AC Mailand,1979,70,1
Baresi,AC Mailand,1980,80,1
Baresi,AC Mailand,1981,80,1
Baresi,AC Mailand,1982,80,1
Baresi,AC Mailand,1983,80,1
Baresi,AC Mailand,1984,80,1
Baresi,AC Mailand,1985,80,1
Baresi,AC Mailand,1986,80,1
Baresi,AC Mailand,1987,80,1
Baresi,AC Mailand,1988,80,1
Baresi,AC Mailand,1989,80,1
Baresi,AC Mailand,1990,90,1
Baresi,AC Mailand,1991,90,1
Baresi,AC Mailand,1992,90,1
Baresi,AC Mailand,1993,90,1
Baresi,AC Mailand,1994,90,1
Baresi,AC Mailand,1995,90,1
Baresi,AC Mailand,1996,90,1
Baresi,AC Mailand,1997,90,1
Baresi,Italien,1982,80,1
Baresi,Italien,1983,80,1
Baresi,Italien,1984,80,1
Baresi,Italien,1985,80,1
Baresi,Italien,1986,80,1
Baresi,Italien,1987,80,1
Baresi,Italien,1988,80,1
Baresi,Italien,1989,80,1
Baresi,Italien,1990,90,1
Baresi,Italien,1991,90,1
Baresi,Italien,1992,90,1
Baresi,Italien,1993,90,1
Baresi,Italien,1994,90,1
Baresi,AC Mailand,2002,0,2
Baresi,AC Mailand,2003,0,2
Baresi,AC Mailand,2004,0,2
Baresi,AC Mailand,2005,0,2
Baresi,AC Mailand,2006,0,2
Garrincha,Botafogo FR,1953,50,1
Garrincha,Botafogo FR,1954,50,1
Garrincha,Botafogo FR,1955,50,1
Garrincha,Botafogo FR,1956,50,1
Garrincha,Botafogo FR,1957,50,1
Garrincha,Botafogo FR,1958,50,1
Garrincha,Botafogo FR,1959,50,1
Garrincha,Botafogo FR,1960,60,1
Garrincha,Botafogo FR,1961,60,1
Garrincha,Botafogo FR,1962,60,1
Garrincha,Botafogo FR,1963,60,1
Garrincha,Botafogo FR,1964,60,1
Garrincha,Botafogo FR,1965,60,1
Garrincha,Corinthians Paulista,1966,60,1
Garrincha,Atletico Junior,1968,60,1
Garrincha,Flamengo Rio de Janeiro,1968,60,1
Garrincha,Flamengo Rio de Janeiro,1969,60,1
Garrincha,Olaria AC,1972,70,1
Garrincha,Brasilien,1955,50,1
Garrincha,Brasilien,1956,50,1
Garrincha,Brasilien,1957,50,1
Garrincha,Brasilien,1958,50,1
Garrincha,Brasilien,1959,50,1
Garrincha,Brasilien,1960,60,1
Garrincha,Brasilien,1961,60,1
Garrincha,Brasilien,1962,60,1
Garrincha,Brasilien,1963,60,1
Garrincha,Brasilien,1964,60,1
Garrincha,Brasilien,1965,60,1
Garrincha,Brasilien,1966,60,1